{
  "ask": 67578.7,
  "bid": 67578.6,
  "last": 67578.7,
  "high_24h": 67871.0,
  "low_24h": 65733.2,
  "open": 65950.4,
  "volume_24h": 2389.73161509,
  "vwap_24h": 66474.91941,
  "trades_24h": 52374
}